location;time_of_measurement;counted_pedestrians;type;incidents
Königstraße (Mitte), Stuttgart;2019-03-01 00:00:00 +0100;181;regular;""
Königstraße (Mitte), Stuttgart;2019-03-01 01:00:00 +0100;88;regular;""
Königstraße (Mitte), Stuttgart;2019-03-01 02:00:00 +0100;55;regular;""
Königstraße (Mitte), Stuttgart;2019-03-01 03:00:00 +0100;62;regular;""
Königstraße (Mitte), Stuttgart;2019-03-01 04:00:00 +0100;56;regular;""
Königstraße (Mitte), Stuttgart;2019-03-01 05:00:00 +0100;71;regular;""
Königstraße (Mitte), Stuttgart;2019-03-01 06:00:00 +0100;131;regular;""
Königstraße (Mitte), Stuttgart;2019-03-01 07:00:00 +0100;213;regular;""
Königstraße (Mitte), Stuttgart;2019-03-01 08:00:00 +0100;433;regular;""
Königstraße (Mitte), Stuttgart;2019-03-01 09:00:00 +0100;741;regular;""
Königstraße (Mitte), Stuttgart;2019-03-01 10:00:00 +0100;1483;regular;""
Königstraße (Mitte), Stuttgart;2019-03-01 11:00:00 +0100;2370;regular;""
Königstraße (Mitte), Stuttgart;2019-03-01 12:00:00 +0100;3440;regular;""
Königstraße (Mitte), Stuttgart;2019-03-01 13:00:00 +0100;3863;regular;""
Königstraße (Mitte), Stuttgart;2019-03-01 14:00:00 +0100;4168;regular;""
Königstraße (Mitte), Stuttgart;2019-03-01 15:00:00 +0100;4798;regular;""
Königstraße (Mitte), Stuttgart;2019-03-01 16:00:00 +0100;5553;regular;""
Königstraße (Mitte), Stuttgart;2019-03-01 17:00:00 +0100;5221;regular;""
Königstraße (Mitte), Stuttgart;2019-03-01 18:00:00 +0100;5237;regular;""
Königstraße (Mitte), Stuttgart;2019-03-01 19:00:00 +0100;3912;regular;""
Königstraße (Mitte), Stuttgart;2019-03-01 20:00:00 +0100;2336;regular;""
Königstraße (Mitte), Stuttgart;2019-03-01 21:00:00 +0100;1678;regular;""
Königstraße (Mitte), Stuttgart;2019-03-01 22:00:00 +0100;1662;regular;""
Königstraße (Mitte), Stuttgart;2019-03-01 23:00:00 +0100;1202;regular;""
Königstraße (Mitte), Stuttgart;2019-03-02 00:00:00 +0100;910;regular;""
Königstraße (Mitte), Stuttgart;2019-03-02 01:00:00 +0100;653;regular;""
Königstraße (Mitte), Stuttgart;2019-03-02 02:00:00 +0100;538;regular;""
Königstraße (Mitte), Stuttgart;2019-03-02 03:00:00 +0100;449;regular;""
Königstraße (Mitte), Stuttgart;2019-03-02 04:00:00 +0100;341;regular;""
Königstraße (Mitte), Stuttgart;2019-03-02 05:00:00 +0100;242;regular;""
Königstraße (Mitte), Stuttgart;2019-03-02 06:00:00 +0100;176;regular;""
Königstraße (Mitte), Stuttgart;2019-03-02 07:00:00 +0100;194;regular;""
Königstraße (Mitte), Stuttgart;2019-03-02 08:00:00 +0100;313;regular;""
Königstraße (Mitte), Stuttgart;2019-03-02 09:00:00 +0100;876;regular;""
Königstraße (Mitte), Stuttgart;2019-03-02 10:00:00 +0100;2613;regular;""
Königstraße (Mitte), Stuttgart;2019-03-02 11:00:00 +0100;4663;regular;""
Königstraße (Mitte), Stuttgart;2019-03-02 12:00:00 +0100;6499;regular;""
Königstraße (Mitte), Stuttgart;2019-03-02 13:00:00 +0100;8209;regular;""
Königstraße (Mitte), Stuttgart;2019-03-02 14:00:00 +0100;9789;regular;""
Königstraße (Mitte), Stuttgart;2019-03-02 15:00:00 +0100;10969;regular;""
Königstraße (Mitte), Stuttgart;2019-03-02 16:00:00 +0100;10971;regular;""
Königstraße (Mitte), Stuttgart;2019-03-02 17:00:00 +0100;10444;regular;""
Königstraße (Mitte), Stuttgart;2019-03-02 18:00:00 +0100;8855;regular;""
Königstraße (Mitte), Stuttgart;2019-03-02 19:00:00 +0100;6636;regular;""
Königstraße (Mitte), Stuttgart;2019-03-02 20:00:00 +0100;3713;regular;""
Königstraße (Mitte), Stuttgart;2019-03-02 21:00:00 +0100;2207;regular;""
Königstraße (Mitte), Stuttgart;2019-03-02 22:00:00 +0100;2151;regular;""
Königstraße (Mitte), Stuttgart;2019-03-02 23:00:00 +0100;1715;regular;""
Königstraße (Mitte), Stuttgart;2019-03-03 00:00:00 +0100;1295;regular;""
Königstraße (Mitte), Stuttgart;2019-03-03 01:00:00 +0100;981;regular;""
Königstraße (Mitte), Stuttgart;2019-03-03 02:00:00 +0100;703;regular;""
Königstraße (Mitte), Stuttgart;2019-03-03 03:00:00 +0100;585;regular;""
Königstraße (Mitte), Stuttgart;2019-03-03 04:00:00 +0100;497;regular;""
Königstraße (Mitte), Stuttgart;2019-03-03 05:00:00 +0100;391;regular;""
Königstraße (Mitte), Stuttgart;2019-03-03 06:00:00 +0100;200;regular;""
Königstraße (Mitte), Stuttgart;2019-03-03 07:00:00 +0100;127;regular;""
Königstraße (Mitte), Stuttgart;2019-03-03 08:00:00 +0100;142;regular;""
Königstraße (Mitte), Stuttgart;2019-03-03 09:00:00 +0100;273;regular;""
Königstraße (Mitte), Stuttgart;2019-03-03 10:00:00 +0100;484;regular;""
Königstraße (Mitte), Stuttgart;2019-03-03 11:00:00 +0100;937;regular;""
Königstraße (Mitte), Stuttgart;2019-03-03 12:00:00 +0100;1452;regular;""
Königstraße (Mitte), Stuttgart;2019-03-03 13:00:00 +0100;1928;regular;""
Königstraße (Mitte), Stuttgart;2019-03-03 14:00:00 +0100;2469;regular;""
Königstraße (Mitte), Stuttgart;2019-03-03 15:00:00 +0100;2577;regular;""
Königstraße (Mitte), Stuttgart;2019-03-03 16:00:00 +0100;3115;regular;""
Königstraße (Mitte), Stuttgart;2019-03-03 17:00:00 +0100;2599;regular;""
Königstraße (Mitte), Stuttgart;2019-03-03 18:00:00 +0100;2326;regular;""
Königstraße (Mitte), Stuttgart;2019-03-03 19:00:00 +0100;1574;regular;""
Königstraße (Mitte), Stuttgart;2019-03-03 20:00:00 +0100;1139;regular;""
Königstraße (Mitte), Stuttgart;2019-03-03 21:00:00 +0100;741;regular;""
Königstraße (Mitte), Stuttgart;2019-03-03 22:00:00 +0100;425;regular;""
Königstraße (Mitte), Stuttgart;2019-03-03 23:00:00 +0100;214;regular;""
Königstraße (Mitte), Stuttgart;2019-03-04 00:00:00 +0100;132;regular;""
Königstraße (Mitte), Stuttgart;2019-03-04 00:00:00 +0100;132;regular;""
Königstraße (Mitte), Stuttgart;2019-03-04 01:00:00 +0100;35;regular;""
Königstraße (Mitte), Stuttgart;2019-03-04 02:00:00 +0100;16;regular;""
Königstraße (Mitte), Stuttgart;2019-03-04 03:00:00 +0100;26;regular;""
Königstraße (Mitte), Stuttgart;2019-03-04 04:00:00 +0100;46;regular;""
Königstraße (Mitte), Stuttgart;2019-03-04 05:00:00 +0100;82;regular;""
Königstraße (Mitte), Stuttgart;2019-03-04 06:00:00 +0100;159;regular;""
Königstraße (Mitte), Stuttgart;2019-03-04 07:00:00 +0100;405;regular;""
Königstraße (Mitte), Stuttgart;2019-03-04 08:00:00 +0100;724;regular;""
Königstraße (Mitte), Stuttgart;2019-03-04 09:00:00 +0100;953;regular;""
Königstraße (Mitte), Stuttgart;2019-03-04 10:00:00 +0100;1832;regular;""
Königstraße (Mitte), Stuttgart;2019-03-04 11:00:00 +0100;3082;regular;""
Königstraße (Mitte), Stuttgart;2019-03-04 12:00:00 +0100;4180;regular;""
Königstraße (Mitte), Stuttgart;2019-03-04 13:00:00 +0100;4614;regular;""
Königstraße (Mitte), Stuttgart;2019-03-04 14:00:00 +0100;4980;regular;""
Königstraße (Mitte), Stuttgart;2019-03-04 15:00:00 +0100;5403;regular;""
Königstraße (Mitte), Stuttgart;2019-03-04 16:00:00 +0100;4637;regular;""
Königstraße (Mitte), Stuttgart;2019-03-04 17:00:00 +0100;3124;regular;""
Königstraße (Mitte), Stuttgart;2019-03-04 18:00:00 +0100;2647;regular;""
Königstraße (Mitte), Stuttgart;2019-03-04 19:00:00 +0100;2273;regular;""
Königstraße (Mitte), Stuttgart;2019-03-04 20:00:00 +0100;1237;regular;""
Königstraße (Mitte), Stuttgart;2019-03-04 21:00:00 +0100;377;regular;""
Königstraße (Mitte), Stuttgart;2019-03-04 22:00:00 +0100;247;regular;""
Königstraße (Mitte), Stuttgart;2019-03-04 23:00:00 +0100;260;regular;""
Königstraße (Mitte), Stuttgart;2019-03-05 00:00:00 +0100;127;regular;""
Königstraße (Mitte), Stuttgart;2019-03-05 01:00:00 +0100;57;regular;""
Königstraße (Mitte), Stuttgart;2019-03-05 02:00:00 +0100;18;regular;""
Königstraße (Mitte), Stuttgart;2019-03-05 03:00:00 +0100;21;regular;""
Königstraße (Mitte), Stuttgart;2019-03-05 04:00:00 +0100;51;regular;""
Königstraße (Mitte), Stuttgart;2019-03-05 05:00:00 +0100;58;regular;""
Königstraße (Mitte), Stuttgart;2019-03-05 06:00:00 +0100;150;regular;""
Königstraße (Mitte), Stuttgart;2019-03-05 07:00:00 +0100;432;regular;""
Königstraße (Mitte), Stuttgart;2019-03-05 08:00:00 +0100;706;regular;""
Königstraße (Mitte), Stuttgart;2019-03-05 09:00:00 +0100;1077;regular;""
Königstraße (Mitte), Stuttgart;2019-03-05 10:00:00 +0100;1848;regular;""
Königstraße (Mitte), Stuttgart;2019-03-05 11:00:00 +0100;2913;regular;""
Königstraße (Mitte), Stuttgart;2019-03-05 12:00:00 +0100;4451;regular;""
Königstraße (Mitte), Stuttgart;2019-03-05 13:00:00 +0100;5378;regular;""
Königstraße (Mitte), Stuttgart;2019-03-05 14:00:00 +0100;4433;regular;""
Königstraße (Mitte), Stuttgart;2019-03-05 15:00:00 +0100;3833;regular;""
Königstraße (Mitte), Stuttgart;2019-03-05 16:00:00 +0100;3126;regular;""
Königstraße (Mitte), Stuttgart;2019-03-05 17:00:00 +0100;2504;regular;""
Königstraße (Mitte), Stuttgart;2019-03-05 18:00:00 +0100;2811;regular;""
Königstraße (Mitte), Stuttgart;2019-03-05 19:00:00 +0100;1692;regular;""
Königstraße (Mitte), Stuttgart;2019-03-05 20:00:00 +0100;790;regular;""
Königstraße (Mitte), Stuttgart;2019-03-05 21:00:00 +0100;503;regular;""
Königstraße (Mitte), Stuttgart;2019-03-05 22:00:00 +0100;462;regular;""
Königstraße (Mitte), Stuttgart;2019-03-05 23:00:00 +0100;411;regular;""
Königstraße (Mitte), Stuttgart;2019-03-06 00:00:00 +0100;219;regular;""
Königstraße (Mitte), Stuttgart;2019-03-06 01:00:00 +0100;58;regular;""
Königstraße (Mitte), Stuttgart;2019-03-06 02:00:00 +0100;33;regular;""
Königstraße (Mitte), Stuttgart;2019-03-06 03:00:00 +0100;38;regular;""
Königstraße (Mitte), Stuttgart;2019-03-06 04:00:00 +0100;60;regular;""
Königstraße (Mitte), Stuttgart;2019-03-06 05:00:00 +0100;77;regular;""
Königstraße (Mitte), Stuttgart;2019-03-06 06:00:00 +0100;172;regular;""
Königstraße (Mitte), Stuttgart;2019-03-06 07:00:00 +0100;429;regular;""
Königstraße (Mitte), Stuttgart;2019-03-06 08:00:00 +0100;854;regular;""
Königstraße (Mitte), Stuttgart;2019-03-06 09:00:00 +0100;1117;regular;""
Königstraße (Mitte), Stuttgart;2019-03-06 10:00:00 +0100;2258;regular;""
Königstraße (Mitte), Stuttgart;2019-03-06 11:00:00 +0100;3624;regular;""
Königstraße (Mitte), Stuttgart;2019-03-06 12:00:00 +0100;5120;regular;""
Königstraße (Mitte), Stuttgart;2019-03-06 13:00:00 +0100;5494;regular;""
Königstraße (Mitte), Stuttgart;2019-03-06 14:00:00 +0100;5924;regular;""
Königstraße (Mitte), Stuttgart;2019-03-06 15:00:00 +0100;6725;regular;""
Königstraße (Mitte), Stuttgart;2019-03-06 16:00:00 +0100;7175;regular;""
Königstraße (Mitte), Stuttgart;2019-03-06 17:00:00 +0100;6967;regular;""
Königstraße (Mitte), Stuttgart;2019-03-06 18:00:00 +0100;6144;regular;""
Königstraße (Mitte), Stuttgart;2019-03-06 19:00:00 +0100;4198;regular;""
Königstraße (Mitte), Stuttgart;2019-03-06 20:00:00 +0100;1988;regular;""
Königstraße (Mitte), Stuttgart;2019-03-06 21:00:00 +0100;1065;regular;""
Königstraße (Mitte), Stuttgart;2019-03-06 22:00:00 +0100;696;regular;""
Königstraße (Mitte), Stuttgart;2019-03-06 23:00:00 +0100;343;regular;""
Königstraße (Mitte), Stuttgart;2019-03-07 00:00:00 +0100;136;regular;""
Königstraße (Mitte), Stuttgart;2019-03-07 01:00:00 +0100;38;regular;""
Königstraße (Mitte), Stuttgart;2019-03-07 02:00:00 +0100;47;regular;""
Königstraße (Mitte), Stuttgart;2019-03-07 03:00:00 +0100;47;regular;""
Königstraße (Mitte), Stuttgart;2019-03-07 04:00:00 +0100;62;regular;""
Königstraße (Mitte), Stuttgart;2019-03-07 05:00:00 +0100;61;regular;""
Königstraße (Mitte), Stuttgart;2019-03-07 06:00:00 +0100;157;regular;""
Königstraße (Mitte), Stuttgart;2019-03-07 07:00:00 +0100;419;regular;""
Königstraße (Mitte), Stuttgart;2019-03-07 08:00:00 +0100;727;regular;""
Königstraße (Mitte), Stuttgart;2019-03-07 09:00:00 +0100;1017;regular;""
Königstraße (Mitte), Stuttgart;2019-03-07 10:00:00 +0100;1911;regular;""
Königstraße (Mitte), Stuttgart;2019-03-07 11:00:00 +0100;3037;regular;""
Königstraße (Mitte), Stuttgart;2019-03-07 12:00:00 +0100;4568;regular;""
Königstraße (Mitte), Stuttgart;2019-03-07 13:00:00 +0100;4804;regular;""
Königstraße (Mitte), Stuttgart;2019-03-07 14:00:00 +0100;3869;regular;""
Königstraße (Mitte), Stuttgart;2019-03-07 15:00:00 +0100;5221;regular;""
Königstraße (Mitte), Stuttgart;2019-03-07 16:00:00 +0100;5802;regular;""
Königstraße (Mitte), Stuttgart;2019-03-07 17:00:00 +0100;6754;regular;""
Königstraße (Mitte), Stuttgart;2019-03-07 18:00:00 +0100;5575;regular;""
Königstraße (Mitte), Stuttgart;2019-03-07 19:00:00 +0100;3647;regular;""
Königstraße (Mitte), Stuttgart;2019-03-07 20:00:00 +0100;1880;regular;""
Königstraße (Mitte), Stuttgart;2019-03-07 21:00:00 +0100;1037;regular;""
Königstraße (Mitte), Stuttgart;2019-03-07 22:00:00 +0100;714;regular;""
Königstraße (Mitte), Stuttgart;2019-03-07 23:00:00 +0100;417;regular;""
Königstraße (Mitte), Stuttgart;2019-03-08 00:00:00 +0100;186;regular;""
Königstraße (Mitte), Stuttgart;2019-03-08 01:00:00 +0100;118;regular;""
Königstraße (Mitte), Stuttgart;2019-03-08 02:00:00 +0100;45;regular;""
Königstraße (Mitte), Stuttgart;2019-03-08 03:00:00 +0100;69;regular;""
Königstraße (Mitte), Stuttgart;2019-03-08 04:00:00 +0100;66;regular;""
Königstraße (Mitte), Stuttgart;2019-03-08 05:00:00 +0100;57;regular;""
Königstraße (Mitte), Stuttgart;2019-03-08 06:00:00 +0100;123;regular;""
Königstraße (Mitte), Stuttgart;2019-03-08 07:00:00 +0100;385;regular;""
Königstraße (Mitte), Stuttgart;2019-03-08 08:00:00 +0100;624;regular;""
Königstraße (Mitte), Stuttgart;2019-03-08 09:00:00 +0100;1025;regular;""
Königstraße (Mitte), Stuttgart;2019-03-08 10:00:00 +0100;2043;regular;""
Königstraße (Mitte), Stuttgart;2019-03-08 11:00:00 +0100;3529;regular;""
Königstraße (Mitte), Stuttgart;2019-03-08 12:00:00 +0100;4723;regular;""
Königstraße (Mitte), Stuttgart;2019-03-08 13:00:00 +0100;5325;regular;""
Königstraße (Mitte), Stuttgart;2019-03-08 14:00:00 +0100;6003;regular;""
Königstraße (Mitte), Stuttgart;2019-03-08 15:00:00 +0100;6595;regular;""
Königstraße (Mitte), Stuttgart;2019-03-08 16:00:00 +0100;7157;regular;""
Königstraße (Mitte), Stuttgart;2019-03-08 17:00:00 +0100;7621;regular;""
Königstraße (Mitte), Stuttgart;2019-03-08 18:00:00 +0100;6627;regular;""
Königstraße (Mitte), Stuttgart;2019-03-08 19:00:00 +0100;4922;regular;""
Königstraße (Mitte), Stuttgart;2019-03-08 20:00:00 +0100;2849;regular;""
Königstraße (Mitte), Stuttgart;2019-03-08 21:00:00 +0100;1820;regular;""
Königstraße (Mitte), Stuttgart;2019-03-08 22:00:00 +0100;1750;regular;""
Königstraße (Mitte), Stuttgart;2019-03-08 23:00:00 +0100;1262;regular;""
Königstraße (Mitte), Stuttgart;2019-03-09 00:00:00 +0100;985;regular;""
Königstraße (Mitte), Stuttgart;2019-03-09 00:00:00 +0100;985;regular;""
Königstraße (Mitte), Stuttgart;2019-03-09 01:00:00 +0100;659;regular;""
Königstraße (Mitte), Stuttgart;2019-03-09 02:00:00 +0100;520;regular;""
Königstraße (Mitte), Stuttgart;2019-03-09 03:00:00 +0100;469;regular;""
Königstraße (Mitte), Stuttgart;2019-03-09 04:00:00 +0100;419;regular;""
Königstraße (Mitte), Stuttgart;2019-03-09 05:00:00 +0100;275;regular;""
Königstraße (Mitte), Stuttgart;2019-03-09 06:00:00 +0100;101;regular;""
Königstraße (Mitte), Stuttgart;2019-03-09 07:00:00 +0100;204;regular;""
Königstraße (Mitte), Stuttgart;2019-03-09 08:00:00 +0100;317;regular;""
Königstraße (Mitte), Stuttgart;2019-03-09 09:00:00 +0100;917;regular;""
Königstraße (Mitte), Stuttgart;2019-03-09 10:00:00 +0100;2470;regular;""
Königstraße (Mitte), Stuttgart;2019-03-09 11:00:00 +0100;4524;regular;""
Königstraße (Mitte), Stuttgart;2019-03-09 12:00:00 +0100;6428;regular;""
Königstraße (Mitte), Stuttgart;2019-03-09 13:00:00 +0100;7940;regular;""
Königstraße (Mitte), Stuttgart;2019-03-09 14:00:00 +0100;9109;regular;""
Königstraße (Mitte), Stuttgart;2019-03-09 15:00:00 +0100;8675;regular;""
Königstraße (Mitte), Stuttgart;2019-03-09 16:00:00 +0100;9639;regular;""
Königstraße (Mitte), Stuttgart;2019-03-09 17:00:00 +0100;9321;regular;""
Königstraße (Mitte), Stuttgart;2019-03-09 18:00:00 +0100;8191;regular;""
Königstraße (Mitte), Stuttgart;2019-03-09 19:00:00 +0100;5922;regular;""
Königstraße (Mitte), Stuttgart;2019-03-09 20:00:00 +0100;3452;regular;""
Königstraße (Mitte), Stuttgart;2019-03-09 21:00:00 +0100;2358;regular;""
Königstraße (Mitte), Stuttgart;2019-03-09 22:00:00 +0100;2279;regular;""
Königstraße (Mitte), Stuttgart;2019-03-09 23:00:00 +0100;1811;regular;""
Königstraße (Mitte), Stuttgart;2019-03-10 00:00:00 +0100;1572;regular;""
Königstraße (Mitte), Stuttgart;2019-03-10 01:00:00 +0100;1123;regular;""
Königstraße (Mitte), Stuttgart;2019-03-10 02:00:00 +0100;943;regular;""
Königstraße (Mitte), Stuttgart;2019-03-10 03:00:00 +0100;843;regular;""
Königstraße (Mitte), Stuttgart;2019-03-10 04:00:00 +0100;531;regular;""
Königstraße (Mitte), Stuttgart;2019-03-10 05:00:00 +0100;269;regular;""
Königstraße (Mitte), Stuttgart;2019-03-10 06:00:00 +0100;165;regular;""
Königstraße (Mitte), Stuttgart;2019-03-10 07:00:00 +0100;53;regular;""
Königstraße (Mitte), Stuttgart;2019-03-10 08:00:00 +0100;83;regular;""
Königstraße (Mitte), Stuttgart;2019-03-10 09:00:00 +0100;146;regular;""
Königstraße (Mitte), Stuttgart;2019-03-10 10:00:00 +0100;249;regular;""
Königstraße (Mitte), Stuttgart;2019-03-10 11:00:00 +0100;594;regular;""
Königstraße (Mitte), Stuttgart;2019-03-10 12:00:00 +0100;956;regular;""
Königstraße (Mitte), Stuttgart;2019-03-10 13:00:00 +0100;1516;regular;""
Königstraße (Mitte), Stuttgart;2019-03-10 14:00:00 +0100;1990;regular;""
Königstraße (Mitte), Stuttgart;2019-03-10 15:00:00 +0100;2218;regular;""
Königstraße (Mitte), Stuttgart;2019-03-10 16:00:00 +0100;2338;regular;""
Königstraße (Mitte), Stuttgart;2019-03-10 17:00:00 +0100;2068;regular;""
Königstraße (Mitte), Stuttgart;2019-03-10 18:00:00 +0100;1625;regular;""
Königstraße (Mitte), Stuttgart;2019-03-10 19:00:00 +0100;966;regular;""
Königstraße (Mitte), Stuttgart;2019-03-10 20:00:00 +0100;486;regular;""
Königstraße (Mitte), Stuttgart;2019-03-10 21:00:00 +0100;344;regular;""
Königstraße (Mitte), Stuttgart;2019-03-10 22:00:00 +0100;246;regular;""
Königstraße (Mitte), Stuttgart;2019-03-10 23:00:00 +0100;145;regular;""
Königstraße (Mitte), Stuttgart;2019-03-11 00:00:00 +0100;39;regular;""
Königstraße (Mitte), Stuttgart;2019-03-11 01:00:00 +0100;39;regular;""
Königstraße (Mitte), Stuttgart;2019-03-11 02:00:00 +0100;7;regular;""
Königstraße (Mitte), Stuttgart;2019-03-11 03:00:00 +0100;12;regular;""
Königstraße (Mitte), Stuttgart;2019-03-11 04:00:00 +0100;28;regular;""
Königstraße (Mitte), Stuttgart;2019-03-11 05:00:00 +0100;78;regular;""
Königstraße (Mitte), Stuttgart;2019-03-11 06:00:00 +0100;177;regular;""
Königstraße (Mitte), Stuttgart;2019-03-11 07:00:00 +0100;492;regular;""
Königstraße (Mitte), Stuttgart;2019-03-11 08:00:00 +0100;779;regular;""
Königstraße (Mitte), Stuttgart;2019-03-11 09:00:00 +0100;913;regular;""
Königstraße (Mitte), Stuttgart;2019-03-11 10:00:00 +0100;1585;regular;""
Königstraße (Mitte), Stuttgart;2019-03-11 11:00:00 +0100;2365;regular;""
Königstraße (Mitte), Stuttgart;2019-03-11 12:00:00 +0100;3135;regular;""
Königstraße (Mitte), Stuttgart;2019-03-11 13:00:00 +0100;3390;regular;""
Königstraße (Mitte), Stuttgart;2019-03-11 14:00:00 +0100;3221;regular;""
Königstraße (Mitte), Stuttgart;2019-03-11 15:00:00 +0100;3386;regular;""
Königstraße (Mitte), Stuttgart;2019-03-11 16:00:00 +0100;3690;regular;""
Königstraße (Mitte), Stuttgart;2019-03-11 17:00:00 +0100;3417;regular;""
Königstraße (Mitte), Stuttgart;2019-03-11 18:00:00 +0100;3409;regular;""
Königstraße (Mitte), Stuttgart;2019-03-11 19:00:00 +0100;2213;regular;""
Königstraße (Mitte), Stuttgart;2019-03-11 20:00:00 +0100;1083;regular;""
Königstraße (Mitte), Stuttgart;2019-03-11 21:00:00 +0100;535;regular;""
Königstraße (Mitte), Stuttgart;2019-03-11 22:00:00 +0100;316;regular;""
Königstraße (Mitte), Stuttgart;2019-03-11 23:00:00 +0100;254;regular;""
Königstraße (Mitte), Stuttgart;2019-03-12 00:00:00 +0100;83;regular;""
Königstraße (Mitte), Stuttgart;2019-03-12 01:00:00 +0100;43;regular;""
Königstraße (Mitte), Stuttgart;2019-03-12 02:00:00 +0100;13;regular;""
Königstraße (Mitte), Stuttgart;2019-03-12 03:00:00 +0100;24;regular;""
Königstraße (Mitte), Stuttgart;2019-03-12 04:00:00 +0100;40;regular;""
Königstraße (Mitte), Stuttgart;2019-03-12 05:00:00 +0100;59;regular;""
Königstraße (Mitte), Stuttgart;2019-03-12 06:00:00 +0100;182;regular;""
Königstraße (Mitte), Stuttgart;2019-03-12 07:00:00 +0100;527;regular;""
Königstraße (Mitte), Stuttgart;2019-03-12 08:00:00 +0100;860;regular;""
Königstraße (Mitte), Stuttgart;2019-03-12 09:00:00 +0100;1113;regular;""
Königstraße (Mitte), Stuttgart;2019-03-12 10:00:00 +0100;1833;regular;""
Königstraße (Mitte), Stuttgart;2019-03-12 11:00:00 +0100;2748;regular;""
Königstraße (Mitte), Stuttgart;2019-03-12 12:00:00 +0100;3839;regular;""
Königstraße (Mitte), Stuttgart;2019-03-12 13:00:00 +0100;4182;regular;""
Königstraße (Mitte), Stuttgart;2019-03-12 14:00:00 +0100;3615;regular;""
Königstraße (Mitte), Stuttgart;2019-03-12 15:00:00 +0100;3669;regular;""
Königstraße (Mitte), Stuttgart;2019-03-12 16:00:00 +0100;4215;regular;""
Königstraße (Mitte), Stuttgart;2019-03-12 17:00:00 +0100;4477;regular;""
Königstraße (Mitte), Stuttgart;2019-03-12 18:00:00 +0100;4240;regular;""
Königstraße (Mitte), Stuttgart;2019-03-12 19:00:00 +0100;2780;regular;""
Königstraße (Mitte), Stuttgart;2019-03-12 20:00:00 +0100;1311;regular;""
Königstraße (Mitte), Stuttgart;2019-03-12 21:00:00 +0100;709;regular;""
Königstraße (Mitte), Stuttgart;2019-03-12 22:00:00 +0100;397;regular;""
Königstraße (Mitte), Stuttgart;2019-03-12 23:00:00 +0100;272;regular;""
Königstraße (Mitte), Stuttgart;2019-03-13 00:00:00 +0100;82;regular;""
Königstraße (Mitte), Stuttgart;2019-03-13 01:00:00 +0100;23;regular;""
Königstraße (Mitte), Stuttgart;2019-03-13 02:00:00 +0100;13;regular;""
Königstraße (Mitte), Stuttgart;2019-03-13 03:00:00 +0100;10;regular;""
Königstraße (Mitte), Stuttgart;2019-03-13 04:00:00 +0100;33;regular;""
Königstraße (Mitte), Stuttgart;2019-03-13 05:00:00 +0100;59;regular;""
Königstraße (Mitte), Stuttgart;2019-03-13 06:00:00 +0100;161;regular;""
Königstraße (Mitte), Stuttgart;2019-03-13 07:00:00 +0100;523;regular;""
Königstraße (Mitte), Stuttgart;2019-03-13 08:00:00 +0100;797;regular;""
Königstraße (Mitte), Stuttgart;2019-03-13 09:00:00 +0100;982;regular;""
Königstraße (Mitte), Stuttgart;2019-03-13 10:00:00 +0100;1766;regular;""
Königstraße (Mitte), Stuttgart;2019-03-13 11:00:00 +0100;2353;regular;""
Königstraße (Mitte), Stuttgart;2019-03-13 12:00:00 +0100;3233;regular;""
Königstraße (Mitte), Stuttgart;2019-03-13 13:00:00 +0100;3308;regular;""
Königstraße (Mitte), Stuttgart;2019-03-13 14:00:00 +0100;2968;regular;""
Königstraße (Mitte), Stuttgart;2019-03-13 15:00:00 +0100;3296;regular;""
Königstraße (Mitte), Stuttgart;2019-03-13 16:00:00 +0100;3829;regular;""
Königstraße (Mitte), Stuttgart;2019-03-13 17:00:00 +0100;4008;regular;""
Königstraße (Mitte), Stuttgart;2019-03-13 18:00:00 +0100;3553;regular;""
Königstraße (Mitte), Stuttgart;2019-03-13 19:00:00 +0100;2307;regular;""
Königstraße (Mitte), Stuttgart;2019-03-13 20:00:00 +0100;1076;regular;""
Königstraße (Mitte), Stuttgart;2019-03-13 21:00:00 +0100;535;regular;""
Königstraße (Mitte), Stuttgart;2019-03-13 22:00:00 +0100;255;regular;""
Königstraße (Mitte), Stuttgart;2019-03-13 23:00:00 +0100;269;regular;""
Königstraße (Mitte), Stuttgart;2019-03-14 00:00:00 +0100;120;regular;""
Königstraße (Mitte), Stuttgart;2019-03-14 01:00:00 +0100;33;regular;""
Königstraße (Mitte), Stuttgart;2019-03-14 02:00:00 +0100;12;regular;""
Königstraße (Mitte), Stuttgart;2019-03-14 03:00:00 +0100;20;regular;""
Königstraße (Mitte), Stuttgart;2019-03-14 04:00:00 +0100;51;regular;""
Königstraße (Mitte), Stuttgart;2019-03-14 05:00:00 +0100;80;regular;""
Königstraße (Mitte), Stuttgart;2019-03-14 06:00:00 +0100;141;regular;""
Königstraße (Mitte), Stuttgart;2019-03-14 07:00:00 +0100;392;regular;""
Königstraße (Mitte), Stuttgart;2019-03-14 08:00:00 +0100;772;regular;""
Königstraße (Mitte), Stuttgart;2019-03-14 09:00:00 +0100;926;regular;""
Königstraße (Mitte), Stuttgart;2019-03-14 10:00:00 +0100;1486;regular;""
Königstraße (Mitte), Stuttgart;2019-03-14 11:00:00 +0100;1977;regular;""
Königstraße (Mitte), Stuttgart;2019-03-14 12:00:00 +0100;2379;regular;""
Königstraße (Mitte), Stuttgart;2019-03-14 13:00:00 +0100;2261;regular;""
Königstraße (Mitte), Stuttgart;2019-03-14 14:00:00 +0100;1892;regular;""
Königstraße (Mitte), Stuttgart;2019-03-14 15:00:00 +0100;2111;regular;""
Königstraße (Mitte), Stuttgart;2019-03-14 16:00:00 +0100;2642;regular;""
Königstraße (Mitte), Stuttgart;2019-03-14 17:00:00 +0100;3415;regular;""
Königstraße (Mitte), Stuttgart;2019-03-14 18:00:00 +0100;3229;regular;""
Königstraße (Mitte), Stuttgart;2019-03-14 19:00:00 +0100;1763;regular;""
Königstraße (Mitte), Stuttgart;2019-03-14 20:00:00 +0100;884;regular;""
Königstraße (Mitte), Stuttgart;2019-03-14 21:00:00 +0100;799;regular;""
Königstraße (Mitte), Stuttgart;2019-03-14 22:00:00 +0100;431;regular;""
Königstraße (Mitte), Stuttgart;2019-03-14 23:00:00 +0100;370;regular;""
Königstraße (Mitte), Stuttgart;2019-03-15 00:00:00 +0100;139;regular;""
Königstraße (Mitte), Stuttgart;2019-03-15 01:00:00 +0100;59;regular;""
Königstraße (Mitte), Stuttgart;2019-03-15 02:00:00 +0100;48;regular;""
Königstraße (Mitte), Stuttgart;2019-03-15 03:00:00 +0100;46;regular;""
Königstraße (Mitte), Stuttgart;2019-03-15 04:00:00 +0100;71;regular;""
Königstraße (Mitte), Stuttgart;2019-03-15 05:00:00 +0100;56;regular;""
Königstraße (Mitte), Stuttgart;2019-03-15 06:00:00 +0100;117;regular;""
Königstraße (Mitte), Stuttgart;2019-03-15 07:00:00 +0100;233;regular;""
Königstraße (Mitte), Stuttgart;2019-03-15 08:00:00 +0100;404;regular;""
Königstraße (Mitte), Stuttgart;2019-03-15 09:00:00 +0100;582;regular;""
Königstraße (Mitte), Stuttgart;2019-03-15 10:00:00 +0100;1277;regular;""
Königstraße (Mitte), Stuttgart;2019-03-15 11:00:00 +0100;2154;regular;""
Königstraße (Mitte), Stuttgart;2019-03-15 12:00:00 +0100;3313;regular;""
Königstraße (Mitte), Stuttgart;2019-03-15 13:00:00 +0100;4281;regular;""
Königstraße (Mitte), Stuttgart;2019-03-15 14:00:00 +0100;3815;regular;""
Königstraße (Mitte), Stuttgart;2019-03-15 15:00:00 +0100;4184;regular;""
Königstraße (Mitte), Stuttgart;2019-03-15 16:00:00 +0100;4563;regular;""
Königstraße (Mitte), Stuttgart;2019-03-15 17:00:00 +0100;5107;regular;""
Königstraße (Mitte), Stuttgart;2019-03-15 18:00:00 +0100;4809;regular;""
Königstraße (Mitte), Stuttgart;2019-03-15 19:00:00 +0100;3692;regular;""
Königstraße (Mitte), Stuttgart;2019-03-15 20:00:00 +0100;2361;regular;""
Königstraße (Mitte), Stuttgart;2019-03-15 21:00:00 +0100;1601;regular;""
Königstraße (Mitte), Stuttgart;2019-03-15 22:00:00 +0100;1342;regular;""
Königstraße (Mitte), Stuttgart;2019-03-15 23:00:00 +0100;1112;regular;""
Königstraße (Mitte), Stuttgart;2019-03-16 00:00:00 +0100;876;regular;""
Königstraße (Mitte), Stuttgart;2019-03-16 01:00:00 +0100;653;regular;""
Königstraße (Mitte), Stuttgart;2019-03-16 02:00:00 +0100;568;regular;""
Königstraße (Mitte), Stuttgart;2019-03-16 03:00:00 +0100;475;regular;""
Königstraße (Mitte), Stuttgart;2019-03-16 04:00:00 +0100;450;regular;""
Königstraße (Mitte), Stuttgart;2019-03-16 05:00:00 +0100;244;regular;""
Königstraße (Mitte), Stuttgart;2019-03-16 06:00:00 +0100;112;regular;""
Königstraße (Mitte), Stuttgart;2019-03-16 07:00:00 +0100;135;regular;""
Königstraße (Mitte), Stuttgart;2019-03-16 08:00:00 +0100;365;regular;""
Königstraße (Mitte), Stuttgart;2019-03-16 09:00:00 +0100;1000;regular;""
Königstraße (Mitte), Stuttgart;2019-03-16 10:00:00 +0100;2602;regular;""
Königstraße (Mitte), Stuttgart;2019-03-16 11:00:00 +0100;4784;regular;""
Königstraße (Mitte), Stuttgart;2019-03-16 12:00:00 +0100;6576;regular;""
Königstraße (Mitte), Stuttgart;2019-03-16 13:00:00 +0100;7901;regular;""
Königstraße (Mitte), Stuttgart;2019-03-16 14:00:00 +0100;9862;regular;""
Königstraße (Mitte), Stuttgart;2019-03-16 15:00:00 +0100;11146;regular;""
Königstraße (Mitte), Stuttgart;2019-03-16 16:00:00 +0100;11441;regular;""
Königstraße (Mitte), Stuttgart;2019-03-16 17:00:00 +0100;11044;regular;""
Königstraße (Mitte), Stuttgart;2019-03-16 18:00:00 +0100;10375;regular;""
Königstraße (Mitte), Stuttgart;2019-03-16 19:00:00 +0100;7632;regular;""
Königstraße (Mitte), Stuttgart;2019-03-16 20:00:00 +0100;4652;regular;""
Königstraße (Mitte), Stuttgart;2019-03-16 21:00:00 +0100;2996;regular;""
Königstraße (Mitte), Stuttgart;2019-03-16 22:00:00 +0100;2493;regular;""
Königstraße (Mitte), Stuttgart;2019-03-16 23:00:00 +0100;2200;regular;""
Königstraße (Mitte), Stuttgart;2019-03-17 00:00:00 +0100;1765;regular;""
Königstraße (Mitte), Stuttgart;2019-03-17 01:00:00 +0100;1370;regular;""
Königstraße (Mitte), Stuttgart;2019-03-17 02:00:00 +0100;1096;regular;""
Königstraße (Mitte), Stuttgart;2019-03-17 03:00:00 +0100;793;regular;""
Königstraße (Mitte), Stuttgart;2019-03-17 04:00:00 +0100;571;regular;""
Königstraße (Mitte), Stuttgart;2019-03-17 05:00:00 +0100;455;regular;""
Königstraße (Mitte), Stuttgart;2019-03-17 06:00:00 +0100;231;regular;""
Königstraße (Mitte), Stuttgart;2019-03-17 07:00:00 +0100;118;regular;""
Königstraße (Mitte), Stuttgart;2019-03-17 08:00:00 +0100;207;regular;""
Königstraße (Mitte), Stuttgart;2019-03-17 09:00:00 +0100;370;regular;""
Königstraße (Mitte), Stuttgart;2019-03-17 10:00:00 +0100;659;regular;""
Königstraße (Mitte), Stuttgart;2019-03-17 11:00:00 +0100;1204;regular;""
Königstraße (Mitte), Stuttgart;2019-03-17 12:00:00 +0100;1814;regular;""
Königstraße (Mitte), Stuttgart;2019-03-17 13:00:00 +0100;2557;regular;""
Königstraße (Mitte), Stuttgart;2019-03-17 14:00:00 +0100;2626;regular;""
Königstraße (Mitte), Stuttgart;2019-03-17 15:00:00 +0100;933;regular;""
Königstraße (Mitte), Stuttgart;2019-03-17 16:00:00 +0100;1249;regular;""
Königstraße (Mitte), Stuttgart;2019-03-17 17:00:00 +0100;1547;regular;""
Königstraße (Mitte), Stuttgart;2019-03-17 18:00:00 +0100;1025;regular;""
Königstraße (Mitte), Stuttgart;2019-03-17 19:00:00 +0100;887;regular;""
Königstraße (Mitte), Stuttgart;2019-03-17 20:00:00 +0100;714;regular;""
Königstraße (Mitte), Stuttgart;2019-03-17 21:00:00 +0100;489;regular;""
Königstraße (Mitte), Stuttgart;2019-03-17 22:00:00 +0100;329;regular;""
Königstraße (Mitte), Stuttgart;2019-03-17 23:00:00 +0100;155;regular;""
Königstraße (Mitte), Stuttgart;2019-03-18 00:00:00 +0100;66;regular;""
Königstraße (Mitte), Stuttgart;2019-03-18 01:00:00 +0100;21;regular;""
Königstraße (Mitte), Stuttgart;2019-03-18 02:00:00 +0100;19;regular;""
Königstraße (Mitte), Stuttgart;2019-03-18 03:00:00 +0100;14;regular;""
Königstraße (Mitte), Stuttgart;2019-03-18 04:00:00 +0100;36;regular;""
Königstraße (Mitte), Stuttgart;2019-03-18 05:00:00 +0100;65;regular;""
Königstraße (Mitte), Stuttgart;2019-03-18 06:00:00 +0100;189;regular;""
Königstraße (Mitte), Stuttgart;2019-03-18 07:00:00 +0100;466;regular;""
Königstraße (Mitte), Stuttgart;2019-03-18 08:00:00 +0100;853;regular;""
Königstraße (Mitte), Stuttgart;2019-03-18 09:00:00 +0100;911;regular;""
Königstraße (Mitte), Stuttgart;2019-03-18 10:00:00 +0100;1879;regular;""
Königstraße (Mitte), Stuttgart;2019-03-18 11:00:00 +0100;2897;regular;""
Königstraße (Mitte), Stuttgart;2019-03-18 12:00:00 +0100;3969;regular;""
Königstraße (Mitte), Stuttgart;2019-03-18 13:00:00 +0100;4228;regular;""
Königstraße (Mitte), Stuttgart;2019-03-18 14:00:00 +0100;3713;regular;""
Königstraße (Mitte), Stuttgart;2019-03-18 15:00:00 +0100;3213;regular;""
Königstraße (Mitte), Stuttgart;2019-03-18 16:00:00 +0100;4066;regular;""
Königstraße (Mitte), Stuttgart;2019-03-18 17:00:00 +0100;4435;regular;""
Königstraße (Mitte), Stuttgart;2019-03-18 18:00:00 +0100;3844;regular;""
Königstraße (Mitte), Stuttgart;2019-03-18 19:00:00 +0100;2732;regular;""
Königstraße (Mitte), Stuttgart;2019-03-18 20:00:00 +0100;1201;regular;""
Königstraße (Mitte), Stuttgart;2019-03-18 21:00:00 +0100;616;regular;""
Königstraße (Mitte), Stuttgart;2019-03-18 22:00:00 +0100;466;regular;""
Königstraße (Mitte), Stuttgart;2019-03-18 23:00:00 +0100;271;regular;""
Königstraße (Mitte), Stuttgart;2019-03-19 00:00:00 +0100;104;regular;""
Königstraße (Mitte), Stuttgart;2019-03-19 01:00:00 +0100;33;regular;""
Königstraße (Mitte), Stuttgart;2019-03-19 02:00:00 +0100;26;regular;""
Königstraße (Mitte), Stuttgart;2019-03-19 03:00:00 +0100;23;regular;""
Königstraße (Mitte), Stuttgart;2019-03-19 04:00:00 +0100;46;regular;""
Königstraße (Mitte), Stuttgart;2019-03-19 05:00:00 +0100;55;regular;""
Königstraße (Mitte), Stuttgart;2019-03-19 06:00:00 +0100;187;regular;""
Königstraße (Mitte), Stuttgart;2019-03-19 07:00:00 +0100;474;regular;""
Königstraße (Mitte), Stuttgart;2019-03-19 08:00:00 +0100;821;regular;""
Königstraße (Mitte), Stuttgart;2019-03-19 09:00:00 +0100;1118;regular;""
Königstraße (Mitte), Stuttgart;2019-03-19 10:00:00 +0100;1893;regular;""
Königstraße (Mitte), Stuttgart;2019-03-19 11:00:00 +0100;2630;regular;""
Königstraße (Mitte), Stuttgart;2019-03-19 12:00:00 +0100;3756;regular;""
Königstraße (Mitte), Stuttgart;2019-03-19 13:00:00 +0100;4073;regular;""
Königstraße (Mitte), Stuttgart;2019-03-19 14:00:00 +0100;3901;regular;""
Königstraße (Mitte), Stuttgart;2019-03-19 15:00:00 +0100;3975;regular;""
Königstraße (Mitte), Stuttgart;2019-03-19 16:00:00 +0100;4411;regular;""
Königstraße (Mitte), Stuttgart;2019-03-19 17:00:00 +0100;5054;regular;""
Königstraße (Mitte), Stuttgart;2019-03-19 18:00:00 +0100;4605;regular;""
Königstraße (Mitte), Stuttgart;2019-03-19 19:00:00 +0100;3070;regular;""
Königstraße (Mitte), Stuttgart;2019-03-19 20:00:00 +0100;1553;regular;""
Königstraße (Mitte), Stuttgart;2019-03-19 21:00:00 +0100;861;regular;""
Königstraße (Mitte), Stuttgart;2019-03-19 22:00:00 +0100;530;regular;""
Königstraße (Mitte), Stuttgart;2019-03-19 23:00:00 +0100;247;regular;""
Königstraße (Mitte), Stuttgart;2019-03-20 00:00:00 +0100;83;regular;""
Königstraße (Mitte), Stuttgart;2019-03-20 01:00:00 +0100;50;regular;""
Königstraße (Mitte), Stuttgart;2019-03-20 02:00:00 +0100;27;regular;""
Königstraße (Mitte), Stuttgart;2019-03-20 03:00:00 +0100;44;regular;""
Königstraße (Mitte), Stuttgart;2019-03-20 04:00:00 +0100;58;regular;""
Königstraße (Mitte), Stuttgart;2019-03-20 05:00:00 +0100;54;regular;""
Königstraße (Mitte), Stuttgart;2019-03-20 06:00:00 +0100;171;regular;""
Königstraße (Mitte), Stuttgart;2019-03-20 07:00:00 +0100;493;regular;""
Königstraße (Mitte), Stuttgart;2019-03-20 08:00:00 +0100;858;regular;""
Königstraße (Mitte), Stuttgart;2019-03-20 09:00:00 +0100;1140;regular;""
Königstraße (Mitte), Stuttgart;2019-03-20 10:00:00 +0100;1884;regular;""
Königstraße (Mitte), Stuttgart;2019-03-20 11:00:00 +0100;2854;regular;""
Königstraße (Mitte), Stuttgart;2019-03-20 12:00:00 +0100;4204;regular;""
Königstraße (Mitte), Stuttgart;2019-03-20 13:00:00 +0100;4661;regular;""
Königstraße (Mitte), Stuttgart;2019-03-20 14:00:00 +0100;4600;regular;""
Königstraße (Mitte), Stuttgart;2019-03-20 15:00:00 +0100;4710;regular;""
Königstraße (Mitte), Stuttgart;2019-03-20 16:00:00 +0100;5031;regular;""
Königstraße (Mitte), Stuttgart;2019-03-20 17:00:00 +0100;5531;regular;""
Königstraße (Mitte), Stuttgart;2019-03-20 18:00:00 +0100;5030;regular;""
Königstraße (Mitte), Stuttgart;2019-03-20 19:00:00 +0100;3465;regular;""
Königstraße (Mitte), Stuttgart;2019-03-20 20:00:00 +0100;1745;regular;""
Königstraße (Mitte), Stuttgart;2019-03-20 21:00:00 +0100;950;regular;""
Königstraße (Mitte), Stuttgart;2019-03-20 22:00:00 +0100;660;regular;""
Königstraße (Mitte), Stuttgart;2019-03-20 23:00:00 +0100;322;regular;""
Königstraße (Mitte), Stuttgart;2019-03-21 00:00:00 +0100;128;regular;""
Königstraße (Mitte), Stuttgart;2019-03-21 01:00:00 +0100;29;regular;""
Königstraße (Mitte), Stuttgart;2019-03-21 02:00:00 +0100;20;regular;""
Königstraße (Mitte), Stuttgart;2019-03-21 03:00:00 +0100;22;regular;""
Königstraße (Mitte), Stuttgart;2019-03-21 04:00:00 +0100;90;regular;""
Königstraße (Mitte), Stuttgart;2019-03-21 05:00:00 +0100;87;regular;""
Königstraße (Mitte), Stuttgart;2019-03-21 06:00:00 +0100;167;regular;""
Königstraße (Mitte), Stuttgart;2019-03-21 07:00:00 +0100;485;regular;""
Königstraße (Mitte), Stuttgart;2019-03-21 08:00:00 +0100;874;regular;""
Königstraße (Mitte), Stuttgart;2019-03-21 09:00:00 +0100;1196;regular;""
Königstraße (Mitte), Stuttgart;2019-03-21 10:00:00 +0100;1960;regular;""
Königstraße (Mitte), Stuttgart;2019-03-21 11:00:00 +0100;2916;regular;""
Königstraße (Mitte), Stuttgart;2019-03-21 12:00:00 +0100;4119;regular;""
Königstraße (Mitte), Stuttgart;2019-03-21 13:00:00 +0100;4646;regular;""
Königstraße (Mitte), Stuttgart;2019-03-21 14:00:00 +0100;4405;regular;""
Königstraße (Mitte), Stuttgart;2019-03-21 15:00:00 +0100;4885;regular;""
Königstraße (Mitte), Stuttgart;2019-03-21 16:00:00 +0100;5522;regular;""
Königstraße (Mitte), Stuttgart;2019-03-21 17:00:00 +0100;6238;regular;""
Königstraße (Mitte), Stuttgart;2019-03-21 18:00:00 +0100;5150;regular;""
Königstraße (Mitte), Stuttgart;2019-03-21 19:00:00 +0100;3673;regular;""
Königstraße (Mitte), Stuttgart;2019-03-21 20:00:00 +0100;1880;regular;""
Königstraße (Mitte), Stuttgart;2019-03-21 21:00:00 +0100;1013;regular;""
Königstraße (Mitte), Stuttgart;2019-03-21 22:00:00 +0100;708;regular;""
Königstraße (Mitte), Stuttgart;2019-03-21 23:00:00 +0100;460;regular;""
Königstraße (Mitte), Stuttgart;2019-03-22 00:00:00 +0100;182;regular;""
Königstraße (Mitte), Stuttgart;2019-03-22 01:00:00 +0100;107;regular;""
Königstraße (Mitte), Stuttgart;2019-03-22 02:00:00 +0100;74;regular;""
Königstraße (Mitte), Stuttgart;2019-03-22 03:00:00 +0100;72;regular;""
Königstraße (Mitte), Stuttgart;2019-03-22 04:00:00 +0100;67;regular;""
Königstraße (Mitte), Stuttgart;2019-03-22 05:00:00 +0100;61;regular;""
Königstraße (Mitte), Stuttgart;2019-03-22 06:00:00 +0100;164;regular;""
Königstraße (Mitte), Stuttgart;2019-03-22 07:00:00 +0100;451;regular;""
Königstraße (Mitte), Stuttgart;2019-03-22 08:00:00 +0100;838;regular;""
Königstraße (Mitte), Stuttgart;2019-03-22 09:00:00 +0100;1235;regular;""
Königstraße (Mitte), Stuttgart;2019-03-22 10:00:00 +0100;2061;regular;""
Königstraße (Mitte), Stuttgart;2019-03-22 11:00:00 +0100;3250;regular;""
Königstraße (Mitte), Stuttgart;2019-03-22 12:00:00 +0100;4393;regular;""
Königstraße (Mitte), Stuttgart;2019-03-22 13:00:00 +0100;5010;regular;""
Königstraße (Mitte), Stuttgart;2019-03-22 14:00:00 +0100;5129;regular;""
Königstraße (Mitte), Stuttgart;2019-03-22 15:00:00 +0100;5739;regular;""
Königstraße (Mitte), Stuttgart;2019-03-22 16:00:00 +0100;6754;regular;""
Königstraße (Mitte), Stuttgart;2019-03-22 17:00:00 +0100;7278;regular;""
Königstraße (Mitte), Stuttgart;2019-03-22 18:00:00 +0100;6500;regular;""
Königstraße (Mitte), Stuttgart;2019-03-22 19:00:00 +0100;4988;regular;""
Königstraße (Mitte), Stuttgart;2019-03-22 20:00:00 +0100;2866;regular;""
Königstraße (Mitte), Stuttgart;2019-03-22 21:00:00 +0100;2055;regular;""
Königstraße (Mitte), Stuttgart;2019-03-22 22:00:00 +0100;1817;regular;""
Königstraße (Mitte), Stuttgart;2019-03-22 23:00:00 +0100;1257;regular;""
Königstraße (Mitte), Stuttgart;2019-03-23 00:00:00 +0100;936;regular;""
Königstraße (Mitte), Stuttgart;2019-03-23 01:00:00 +0100;794;regular;""
Königstraße (Mitte), Stuttgart;2019-03-23 02:00:00 +0100;620;regular;""
Königstraße (Mitte), Stuttgart;2019-03-23 03:00:00 +0100;471;regular;""
Königstraße (Mitte), Stuttgart;2019-03-23 04:00:00 +0100;346;regular;""
Königstraße (Mitte), Stuttgart;2019-03-23 05:00:00 +0100;197;regular;""
Königstraße (Mitte), Stuttgart;2019-03-23 06:00:00 +0100;144;regular;""
Königstraße (Mitte), Stuttgart;2019-03-23 07:00:00 +0100;180;regular;""
Königstraße (Mitte), Stuttgart;2019-03-23 08:00:00 +0100;396;regular;""
Königstraße (Mitte), Stuttgart;2019-03-23 09:00:00 +0100;1073;regular;""
Königstraße (Mitte), Stuttgart;2019-03-23 10:00:00 +0100;2786;regular;""
Königstraße (Mitte), Stuttgart;2019-03-23 11:00:00 +0100;5519;regular;""
Königstraße (Mitte), Stuttgart;2019-03-23 12:00:00 +0100;7684;regular;""
Königstraße (Mitte), Stuttgart;2019-03-23 13:00:00 +0100;10295;regular;""
Königstraße (Mitte), Stuttgart;2019-03-23 14:00:00 +0100;11893;regular;""
Königstraße (Mitte), Stuttgart;2019-03-23 15:00:00 +0100;13073;regular;""
Königstraße (Mitte), Stuttgart;2019-03-23 16:00:00 +0100;14309;regular;""
Königstraße (Mitte), Stuttgart;2019-03-23 17:00:00 +0100;13191;regular;""
Königstraße (Mitte), Stuttgart;2019-03-23 18:00:00 +0100;11243;regular;""
Königstraße (Mitte), Stuttgart;2019-03-23 19:00:00 +0100;8451;regular;""
Königstraße (Mitte), Stuttgart;2019-03-23 20:00:00 +0100;5300;regular;""
Königstraße (Mitte), Stuttgart;2019-03-23 21:00:00 +0100;3334;regular;""
Königstraße (Mitte), Stuttgart;2019-03-23 22:00:00 +0100;3179;regular;""
Königstraße (Mitte), Stuttgart;2019-03-23 23:00:00 +0100;2807;regular;""
Königstraße (Mitte), Stuttgart;2019-03-24 00:00:00 +0100;2054;regular;""
Königstraße (Mitte), Stuttgart;2019-03-24 01:00:00 +0100;1711;regular;""
Königstraße (Mitte), Stuttgart;2019-03-24 02:00:00 +0100;1082;regular;""
Königstraße (Mitte), Stuttgart;2019-03-24 03:00:00 +0100;795;regular;""
Königstraße (Mitte), Stuttgart;2019-03-24 04:00:00 +0100;511;regular;""
Königstraße (Mitte), Stuttgart;2019-03-24 05:00:00 +0100;354;regular;""
Königstraße (Mitte), Stuttgart;2019-03-24 06:00:00 +0100;203;regular;""
Königstraße (Mitte), Stuttgart;2019-03-24 07:00:00 +0100;93;regular;""
Königstraße (Mitte), Stuttgart;2019-03-24 08:00:00 +0100;182;regular;""
Königstraße (Mitte), Stuttgart;2019-03-24 09:00:00 +0100;334;regular;""
Königstraße (Mitte), Stuttgart;2019-03-24 10:00:00 +0100;593;regular;""
Königstraße (Mitte), Stuttgart;2019-03-24 11:00:00 +0100;1063;regular;""
Königstraße (Mitte), Stuttgart;2019-03-24 12:00:00 +0100;1658;regular;""
Königstraße (Mitte), Stuttgart;2019-03-24 13:00:00 +0100;2355;regular;""
Königstraße (Mitte), Stuttgart;2019-03-24 14:00:00 +0100;2943;regular;""
Königstraße (Mitte), Stuttgart;2019-03-24 15:00:00 +0100;3598;regular;""
Königstraße (Mitte), Stuttgart;2019-03-24 16:00:00 +0100;3658;regular;""
Königstraße (Mitte), Stuttgart;2019-03-24 17:00:00 +0100;3165;regular;""
Königstraße (Mitte), Stuttgart;2019-03-24 18:00:00 +0100;2189;regular;""
Königstraße (Mitte), Stuttgart;2019-03-24 19:00:00 +0100;1433;regular;""
Königstraße (Mitte), Stuttgart;2019-03-24 20:00:00 +0100;905;regular;""
Königstraße (Mitte), Stuttgart;2019-03-24 21:00:00 +0100;477;regular;""
Königstraße (Mitte), Stuttgart;2019-03-24 22:00:00 +0100;320;regular;""
Königstraße (Mitte), Stuttgart;2019-03-24 23:00:00 +0100;151;regular;""
Königstraße (Mitte), Stuttgart;2019-03-25 00:00:00 +0100;83;regular;""
Königstraße (Mitte), Stuttgart;2019-03-25 01:00:00 +0100;18;regular;""
Königstraße (Mitte), Stuttgart;2019-03-25 02:00:00 +0100;11;regular;""
Königstraße (Mitte), Stuttgart;2019-03-25 03:00:00 +0100;13;regular;""
Königstraße (Mitte), Stuttgart;2019-03-25 04:00:00 +0100;39;regular;""
Königstraße (Mitte), Stuttgart;2019-03-25 05:00:00 +0100;93;regular;""
Königstraße (Mitte), Stuttgart;2019-03-25 06:00:00 +0100;166;regular;""
Königstraße (Mitte), Stuttgart;2019-03-25 07:00:00 +0100;530;regular;""
Königstraße (Mitte), Stuttgart;2019-03-25 08:00:00 +0100;831;regular;""
Königstraße (Mitte), Stuttgart;2019-03-25 09:00:00 +0100;1088;regular;""
Königstraße (Mitte), Stuttgart;2019-03-25 10:00:00 +0100;1719;regular;""
Königstraße (Mitte), Stuttgart;2019-03-25 11:00:00 +0100;2507;regular;""
Königstraße (Mitte), Stuttgart;2019-03-25 12:00:00 +0100;3230;regular;""
Königstraße (Mitte), Stuttgart;2019-03-25 13:00:00 +0100;3299;regular;""
Königstraße (Mitte), Stuttgart;2019-03-25 14:00:00 +0100;2966;regular;""
Königstraße (Mitte), Stuttgart;2019-03-25 15:00:00 +0100;2916;regular;""
Königstraße (Mitte), Stuttgart;2019-03-25 16:00:00 +0100;3538;regular;""
Königstraße (Mitte), Stuttgart;2019-03-25 17:00:00 +0100;3922;regular;""
Königstraße (Mitte), Stuttgart;2019-03-25 18:00:00 +0100;3446;regular;""
Königstraße (Mitte), Stuttgart;2019-03-25 19:00:00 +0100;2335;regular;""
Königstraße (Mitte), Stuttgart;2019-03-25 20:00:00 +0100;1097;regular;""
Königstraße (Mitte), Stuttgart;2019-03-25 21:00:00 +0100;447;regular;""
Königstraße (Mitte), Stuttgart;2019-03-25 22:00:00 +0100;356;regular;""
Königstraße (Mitte), Stuttgart;2019-03-25 23:00:00 +0100;138;regular;""
Königstraße (Mitte), Stuttgart;2019-03-26 00:00:00 +0100;48;regular;""
Königstraße (Mitte), Stuttgart;2019-03-26 01:00:00 +0100;32;regular;""
Königstraße (Mitte), Stuttgart;2019-03-26 02:00:00 +0100;19;regular;""
Königstraße (Mitte), Stuttgart;2019-03-26 03:00:00 +0100;19;regular;""
Königstraße (Mitte), Stuttgart;2019-03-26 04:00:00 +0100;52;regular;""
Königstraße (Mitte), Stuttgart;2019-03-26 05:00:00 +0100;54;regular;""
Königstraße (Mitte), Stuttgart;2019-03-26 06:00:00 +0100;224;regular;""
Königstraße (Mitte), Stuttgart;2019-03-26 07:00:00 +0100;527;regular;""
Königstraße (Mitte), Stuttgart;2019-03-26 08:00:00 +0100;869;regular;""
Königstraße (Mitte), Stuttgart;2019-03-26 09:00:00 +0100;1062;regular;""
Königstraße (Mitte), Stuttgart;2019-03-26 10:00:00 +0100;1923;regular;""
Königstraße (Mitte), Stuttgart;2019-03-26 11:00:00 +0100;2593;regular;""
Königstraße (Mitte), Stuttgart;2019-03-26 12:00:00 +0100;3709;regular;""
Königstraße (Mitte), Stuttgart;2019-03-26 13:00:00 +0100;3688;regular;""
Königstraße (Mitte), Stuttgart;2019-03-26 14:00:00 +0100;3598;regular;""
Königstraße (Mitte), Stuttgart;2019-03-26 15:00:00 +0100;3906;regular;""
Königstraße (Mitte), Stuttgart;2019-03-26 16:00:00 +0100;4185;regular;""
Königstraße (Mitte), Stuttgart;2019-03-26 17:00:00 +0100;4457;regular;""
Königstraße (Mitte), Stuttgart;2019-03-26 18:00:00 +0100;3875;regular;""
Königstraße (Mitte), Stuttgart;2019-03-26 19:00:00 +0100;2802;regular;""
Königstraße (Mitte), Stuttgart;2019-03-26 20:00:00 +0100;1192;regular;""
Königstraße (Mitte), Stuttgart;2019-03-26 21:00:00 +0100;689;regular;""
Königstraße (Mitte), Stuttgart;2019-03-26 22:00:00 +0100;488;regular;""
Königstraße (Mitte), Stuttgart;2019-03-26 23:00:00 +0100;241;regular;""
Königstraße (Mitte), Stuttgart;2019-03-27 00:00:00 +0100;77;regular;""
Königstraße (Mitte), Stuttgart;2019-03-27 01:00:00 +0100;35;regular;""
Königstraße (Mitte), Stuttgart;2019-03-27 02:00:00 +0100;12;regular;""
Königstraße (Mitte), Stuttgart;2019-03-27 03:00:00 +0100;29;regular;""
Königstraße (Mitte), Stuttgart;2019-03-27 04:00:00 +0100;55;regular;""
Königstraße (Mitte), Stuttgart;2019-03-27 05:00:00 +0100;68;regular;""
Königstraße (Mitte), Stuttgart;2019-03-27 06:00:00 +0100;176;regular;""
Königstraße (Mitte), Stuttgart;2019-03-27 07:00:00 +0100;510;regular;""
Königstraße (Mitte), Stuttgart;2019-03-27 08:00:00 +0100;899;regular;""
Königstraße (Mitte), Stuttgart;2019-03-27 09:00:00 +0100;1162;regular;""
Königstraße (Mitte), Stuttgart;2019-03-27 10:00:00 +0100;1806;regular;""
Königstraße (Mitte), Stuttgart;2019-03-27 11:00:00 +0100;2862;regular;""
Königstraße (Mitte), Stuttgart;2019-03-27 12:00:00 +0100;3947;regular;""
Königstraße (Mitte), Stuttgart;2019-03-27 13:00:00 +0100;3889;regular;""
Königstraße (Mitte), Stuttgart;2019-03-27 14:00:00 +0100;4123;regular;""
Königstraße (Mitte), Stuttgart;2019-03-27 15:00:00 +0100;3970;regular;""
Königstraße (Mitte), Stuttgart;2019-03-27 16:00:00 +0100;4623;regular;""
Königstraße (Mitte), Stuttgart;2019-03-27 17:00:00 +0100;4930;regular;""
Königstraße (Mitte), Stuttgart;2019-03-27 18:00:00 +0100;4376;regular;""
Königstraße (Mitte), Stuttgart;2019-03-27 19:00:00 +0100;3203;regular;""
Königstraße (Mitte), Stuttgart;2019-03-27 20:00:00 +0100;1586;regular;""
Königstraße (Mitte), Stuttgart;2019-03-27 21:00:00 +0100;940;regular;""
Königstraße (Mitte), Stuttgart;2019-03-27 22:00:00 +0100;610;regular;""
Königstraße (Mitte), Stuttgart;2019-03-27 23:00:00 +0100;293;regular;""
Königstraße (Mitte), Stuttgart;2019-03-28 00:00:00 +0100;92;regular;""
Königstraße (Mitte), Stuttgart;2019-03-28 01:00:00 +0100;34;regular;""
Königstraße (Mitte), Stuttgart;2019-03-28 02:00:00 +0100;22;regular;""
Königstraße (Mitte), Stuttgart;2019-03-28 03:00:00 +0100;24;regular;""
Königstraße (Mitte), Stuttgart;2019-03-28 04:00:00 +0100;58;regular;""
Königstraße (Mitte), Stuttgart;2019-03-28 05:00:00 +0100;73;regular;""
Königstraße (Mitte), Stuttgart;2019-03-28 06:00:00 +0100;196;regular;""
Königstraße (Mitte), Stuttgart;2019-03-28 07:00:00 +0100;485;regular;""
Königstraße (Mitte), Stuttgart;2019-03-28 08:00:00 +0100;846;regular;""
Königstraße (Mitte), Stuttgart;2019-03-28 09:00:00 +0100;1113;regular;""
Königstraße (Mitte), Stuttgart;2019-03-28 10:00:00 +0100;2033;regular;""
Königstraße (Mitte), Stuttgart;2019-03-28 11:00:00 +0100;3255;regular;""
Königstraße (Mitte), Stuttgart;2019-03-28 12:00:00 +0100;4673;regular;""
Königstraße (Mitte), Stuttgart;2019-03-28 13:00:00 +0100;5102;regular;""
Königstraße (Mitte), Stuttgart;2019-03-28 14:00:00 +0100;4300;regular;""
Königstraße (Mitte), Stuttgart;2019-03-28 15:00:00 +0100;4596;regular;""
Königstraße (Mitte), Stuttgart;2019-03-28 16:00:00 +0100;5220;regular;""
Königstraße (Mitte), Stuttgart;2019-03-28 17:00:00 +0100;5314;regular;""
Königstraße (Mitte), Stuttgart;2019-03-28 18:00:00 +0100;4953;regular;""
Königstraße (Mitte), Stuttgart;2019-03-28 19:00:00 +0100;3645;regular;""
Königstraße (Mitte), Stuttgart;2019-03-28 20:00:00 +0100;1853;regular;""
Königstraße (Mitte), Stuttgart;2019-03-28 21:00:00 +0100;1217;regular;""
Königstraße (Mitte), Stuttgart;2019-03-28 22:00:00 +0100;903;regular;""
Königstraße (Mitte), Stuttgart;2019-03-28 23:00:00 +0100;511;regular;""
Königstraße (Mitte), Stuttgart;2019-03-29 00:00:00 +0100;231;regular;""
Königstraße (Mitte), Stuttgart;2019-03-29 01:00:00 +0100;156;regular;""
Königstraße (Mitte), Stuttgart;2019-03-29 02:00:00 +0100;140;regular;""
Königstraße (Mitte), Stuttgart;2019-03-29 03:00:00 +0100;70;regular;""
Königstraße (Mitte), Stuttgart;2019-03-29 04:00:00 +0100;94;regular;""
Königstraße (Mitte), Stuttgart;2019-03-29 05:00:00 +0100;46;regular;""
Königstraße (Mitte), Stuttgart;2019-03-29 06:00:00 +0100;176;regular;""
Königstraße (Mitte), Stuttgart;2019-03-29 07:00:00 +0100;489;regular;""
Königstraße (Mitte), Stuttgart;2019-03-29 08:00:00 +0100;853;regular;""
Königstraße (Mitte), Stuttgart;2019-03-29 09:00:00 +0100;1271;regular;""
Königstraße (Mitte), Stuttgart;2019-03-29 10:00:00 +0100;2382;regular;""
Königstraße (Mitte), Stuttgart;2019-03-29 11:00:00 +0100;3698;regular;""
Königstraße (Mitte), Stuttgart;2019-03-29 12:00:00 +0100;4752;regular;""
Königstraße (Mitte), Stuttgart;2019-03-29 13:00:00 +0100;5280;regular;""
Königstraße (Mitte), Stuttgart;2019-03-29 14:00:00 +0100;5544;regular;""
Königstraße (Mitte), Stuttgart;2019-03-29 15:00:00 +0100;6494;regular;""
Königstraße (Mitte), Stuttgart;2019-03-29 16:00:00 +0100;7444;regular;""
Königstraße (Mitte), Stuttgart;2019-03-29 17:00:00 +0100;7933;regular;""
Königstraße (Mitte), Stuttgart;2019-03-29 18:00:00 +0100;7199;regular;""
Königstraße (Mitte), Stuttgart;2019-03-29 19:00:00 +0100;5900;regular;""
Königstraße (Mitte), Stuttgart;2019-03-29 20:00:00 +0100;3610;regular;""
Königstraße (Mitte), Stuttgart;2019-03-29 21:00:00 +0100;2510;regular;""
Königstraße (Mitte), Stuttgart;2019-03-29 22:00:00 +0100;2044;regular;""
Königstraße (Mitte), Stuttgart;2019-03-29 23:00:00 +0100;1628;regular;""
Königstraße (Mitte), Stuttgart;2019-03-30 00:00:00 +0100;1070;regular;""
Königstraße (Mitte), Stuttgart;2019-03-30 01:00:00 +0100;734;regular;""
Königstraße (Mitte), Stuttgart;2019-03-30 02:00:00 +0100;527;regular;""
Königstraße (Mitte), Stuttgart;2019-03-30 03:00:00 +0100;526;regular;""
Königstraße (Mitte), Stuttgart;2019-03-30 04:00:00 +0100;381;regular;""
Königstraße (Mitte), Stuttgart;2019-03-30 05:00:00 +0100;235;regular;""
Königstraße (Mitte), Stuttgart;2019-03-30 06:00:00 +0100;200;regular;""
Königstraße (Mitte), Stuttgart;2019-03-30 07:00:00 +0100;167;regular;""
Königstraße (Mitte), Stuttgart;2019-03-30 08:00:00 +0100;441;regular;""
Königstraße (Mitte), Stuttgart;2019-03-30 09:00:00 +0100;1289;regular;""
Königstraße (Mitte), Stuttgart;2019-03-30 10:00:00 +0100;3311;regular;""
Königstraße (Mitte), Stuttgart;2019-03-30 11:00:00 +0100;6078;regular;""
Königstraße (Mitte), Stuttgart;2019-03-30 12:00:00 +0100;8493;regular;""
Königstraße (Mitte), Stuttgart;2019-03-30 13:00:00 +0100;10285;regular;""
Königstraße (Mitte), Stuttgart;2019-03-30 14:00:00 +0100;11802;regular;""
Königstraße (Mitte), Stuttgart;2019-03-30 15:00:00 +0100;13960;regular;""
Königstraße (Mitte), Stuttgart;2019-03-30 16:00:00 +0100;14704;regular;""
Königstraße (Mitte), Stuttgart;2019-03-30 17:00:00 +0100;14377;regular;""
Königstraße (Mitte), Stuttgart;2019-03-30 18:00:00 +0100;13432;regular;""
Königstraße (Mitte), Stuttgart;2019-03-30 19:00:00 +0100;12094;regular;""
Königstraße (Mitte), Stuttgart;2019-03-30 20:00:00 +0100;10300;regular;""
Königstraße (Mitte), Stuttgart;2019-03-30 21:00:00 +0100;9781;regular;""
Königstraße (Mitte), Stuttgart;2019-03-30 22:00:00 +0100;8442;regular;""
Königstraße (Mitte), Stuttgart;2019-03-30 23:00:00 +0100;5975;regular;""
Königstraße (Mitte), Stuttgart;2019-03-31 00:00:00 +0100;2395;regular;""
Königstraße (Mitte), Stuttgart;2019-03-31 01:00:00 +0100;1334;regular;""
Königstraße (Mitte), Stuttgart;2019-03-31 03:00:00 +0200;1506;regular;""
Königstraße (Mitte), Stuttgart;2019-03-31 04:00:00 +0200;564;regular;""
Königstraße (Mitte), Stuttgart;2019-03-31 05:00:00 +0200;287;regular;""
Königstraße (Mitte), Stuttgart;2019-03-31 06:00:00 +0200;129;regular;""
Königstraße (Mitte), Stuttgart;2019-03-31 07:00:00 +0200;23;regular;""
Königstraße (Mitte), Stuttgart;2019-03-31 08:00:00 +0200;91;regular;""
Königstraße (Mitte), Stuttgart;2019-03-31 09:00:00 +0200;215;regular;""
Königstraße (Mitte), Stuttgart;2019-03-31 10:00:00 +0200;519;regular;""
Königstraße (Mitte), Stuttgart;2019-03-31 11:00:00 +0200;913;regular;""
Königstraße (Mitte), Stuttgart;2019-03-31 12:00:00 +0200;1470;regular;""
Königstraße (Mitte), Stuttgart;2019-03-31 13:00:00 +0200;2215;regular;""
Königstraße (Mitte), Stuttgart;2019-03-31 14:00:00 +0200;2961;regular;""
Königstraße (Mitte), Stuttgart;2019-03-31 15:00:00 +0200;3427;regular;""
Königstraße (Mitte), Stuttgart;2019-03-31 16:00:00 +0200;4117;regular;""
Königstraße (Mitte), Stuttgart;2019-03-31 17:00:00 +0200;4034;regular;""
Königstraße (Mitte), Stuttgart;2019-03-31 18:00:00 +0200;3357;regular;""
Königstraße (Mitte), Stuttgart;2019-03-31 19:00:00 +0200;2520;regular;""
Königstraße (Mitte), Stuttgart;2019-03-31 20:00:00 +0200;1749;regular;""
Königstraße (Mitte), Stuttgart;2019-03-31 21:00:00 +0200;1083;regular;""
Königstraße (Mitte), Stuttgart;2019-03-31 22:00:00 +0200;534;regular;""
Königstraße (Mitte), Stuttgart;2019-03-31 23:00:00 +0200;266;regular;""
